Width,Turning points,Turning points (theory),Turning points (3 sigma interval),Turning points - entry,Kendall,Kendall (theory),Kendall (3 sigma interval),Kendall - entry
21,644,652.0,[612.4386552301365; 691.5613447698635],True,0.005123929040461883,0,[-0.06400175624531591; 0.06400175624531591],True
51,631,632.0,[593.0500320924394; 670.9499679075606],True,0.003520603405246403,0,[-0.06500811585702815; 0.06500811585702815],True
111,591,592.0,[554.3025199781206; 629.6974800218794],True,0.010047901315706431,0,[-0.0671719914836773; 0.0671719914836773],True
